[
	{ "s": "SANTA", "p": [1] },
	{ "s": "SE", "p": [12, 15, 17, 16, 18, 11, 14, 5, 13, 9, 7, 2, 10, 6, 3] },
	{ "s": "SEA", "p": [12, 8, 4] },
	{ "s": "SECCIONES", "p": [3] },
	{ "s": "SECCIÓN", "p": [5] },
	{ "s": "SEGUNDA", "p": [6] },
	{ "s": "SEGÚN", "p": [15, 5] },
	{ "s": "SELECCIONADO", "p": [15] },
	{ "s": "SELECCIONAR", "p": [12, 17, 16, 13, 11, 10, 5] },
	{ "s": "SELECCIONARLA", "p": [5] },
	{ "s": "SELECCIONE", "p": [16, 13, 18, 14, 17, 15] },
	{ "s": "SELECCIÓN", "p": [16] },
	{ "s": "SERVICIO", "p": [12] },
	{ "s": "SESIÓN", "p": [6, 7, 9, 5] },
	{ "s": "SI", "p": [11, 14, 13, 12, 9, 17, 16, 15, 10] },
	{ "s": "SIDO", "p": [6] },
	{ "s": "SIGUIENDO", "p": [5] },
	{ "s": "SIMPLEMENTE", "p": [8] },
	{ "s": "SIN", "p": [4] },
	{ "s": "SINO", "p": [14, 13, 15, 12, 11, 10] },
	{ "s": "SISTEMA", "p": [17, 16, 12, 5, 2, 14, 13, 4, 15, 11, 8, 7, 18, 10, 6, 3, 1] },
	{ "s": "SISTEMAS", "p": [16] },
	{ "s": "SOBRE", "p": [13] },
	{ "s": "SOLICITADO", "p": [18] },
	{ "s": "SOLICITADOS", "p": [18] },
	{ "s": "SOLO", "p": [8] },
	{ "s": "SON", "p": [3] },
	{ "s": "SQL", "p": [5] },
	{ "s": "SQLSERVER", "p": [5] },
	{ "s": "SU", "p": [13, 10, 9, 6] },
	{ "s": "SUB", "p": [15, 12] },
	{ "s": "SUPLIR", "p": [2] },
	{ "s": "SUS", "p": [9, 8] },
	{ "s": "SÍ", "p": [12] }
]