[
	{ "s": "PAGANDO", "p": [15] },
	{ "s": "PAGO", "p": [15, 12] },
	{ "s": "PANTALLA", "p": [12, 18, 17, 16, 15, 14, 13, 7] },
	{ "s": "PARA", "p": [12, 16, 10, 17, 15, 13, 14, 18, 3, 11, 6, 4, 2, 9, 8, 5, 1] },
	{ "s": "PARTE", "p": [18, 17, 16, 15, 14, 13, 12, 7] },
	{ "s": "PASOS", "p": [5] },
	{ "s": "PEDIDO", "p": [15] },
	{ "s": "PEDIDOS", "p": [15] },
	{ "s": "PEGAR", "p": [5] },
	{ "s": "PEGARLA", "p": [5] },
	{ "s": "PEGO", "p": [5] },
	{ "s": "PERFI", "p": [8] },
	{ "s": "PERFI(ÍCONO", "p": [8] },
	{ "s": "PERFIL", "p": [9, 8, 3] },
	{ "s": "PERMITE", "p": [8, 12, 9, 7, 18, 17, 16, 15, 14, 13, 11, 10] },
	{ "s": "PERMITIR", "p": [4] },
	{ "s": "PERMITIRÁ", "p": [15, 14, 11] },
	{ "s": "PERTENECERÁ", "p": [14] },
	{ "s": "PODER", "p": [8, 15, 14, 13, 12, 9, 17, 16, 11, 10, 18, 5] },
	{ "s": "PODRÁ", "p": [17, 16, 11, 8] },
	{ "s": "POR", "p": [12, 9, 5, 15, 4, 3] },
	{ "s": "PRECESO", "p": [12] },
	{ "s": "PRECIO", "p": [15, 14, 12] },
	{ "s": "PREGUNTA", "p": [12] },
	{ "s": "PRESENTA", "p": [12] },
	{ "s": "PRESENTADOS", "p": [2] },
	{ "s": "PRESENTARÁ", "p": [3] },
	{ "s": "PRESIONAR", "p": [9, 6] },
	{ "s": "PRESIONE", "p": [15, 12, 14, 13, 17, 16, 11, 10, 9, 18] },
	{ "s": "PRIMER", "p": [17] },
	{ "s": "PRIMERA", "p": [6] },
	{ "s": "PRINCIPAL", "p": [2, 1] },
	{ "s": "PROBLEMA", "p": [4] },
	{ "s": "PROCEDEMOS", "p": [5] },
	{ "s": "PRODUCTO", "p": [14, 15, 12] },
	{ "s": "PRODUCTOS", "p": [14, 12, 15, 7, 3] },
	{ "s": "PROGRAMA", "p": [5] },
	{ "s": "PROVEEDOR", "p": [17, 15] },
	{ "s": "PROVEEDORES", "p": [17, 7, 3, 2] },
	{ "s": "PUEDA", "p": [4, 6, 2] },
	{ "s": "PUEDAN", "p": [10, 3] },
	{ "s": "PUESTO", "p": [2] },
	{ "s": "PUNTOS", "p": [5] },
	{ "s": "PÁGINA", "p": [1] }
]