[
	{ "s": "MAL", "p": [9] },
	{ "s": "MANEJAR", "p": [4] },
	{ "s": "MANEJO", "p": [4] },
	{ "s": "MANERA", "p": [4] },
	{ "s": "MANUAL", "p": [1] },
	{ "s": "MATERIALES", "p": [14, 3] },
	{ "s": "MAYOR", "p": [13] },
	{ "s": "MEDIANTE", "p": [11] },
	{ "s": "MEDIO", "p": [12, 4] },
	{ "s": "MEJOR", "p": [15, 14] },
	{ "s": "MEJORES", "p": [2] },
	{ "s": "MEMORIA", "p": [5] },
	{ "s": "MENOS", "p": [10] },
	{ "s": "METAS", "p": [4] },
	{ "s": "MI", "p": [8, 3] },
	{ "s": "MODIFICAR", "p": [17, 16, 14, 13, 8] },
	{ "s": "MODO", "p": [14, 13, 15, 12] },
	{ "s": "MOMENTO", "p": [12, 6, 5] },
	{ "s": "MONTO", "p": [15, 12] },
	{ "s": "MOSTRAR", "p": [4] },
	{ "s": "MOSTRARÁ", "p": [15, 7] },
	{ "s": "MSQLSERVER", "p": [5] },
	{ "s": "MSSQ15", "p": [5] },
	{ "s": "MSSQ15.MSQLSERVER", "p": [5] },
	{ "s": "MSSQL", "p": [5] },
	{ "s": "MUESTRA", "p": [17, 16] },
	{ "s": "MUESTRAN", "p": [12, 18, 17, 16, 15, 14, 13, 11, 10, 9] },
	{ "s": "MÁS", "p": [3, 2] },
	{ "s": "MÍNIMO", "p": [5] },
	{ "s": "MÓDULO", "p": [12, 18, 17, 16, 15, 14, 13, 7, 11, 10, 9, 6, 3] },
	{ "s": "MÓDULOS", "p": [3, 7, 4, 2] }
]