[
	{ "s": "DAR", "p": [7, 5, 4] },
	{ "s": "DATABASE", "p": [5] },
	{ "s": "DATAGRIEW", "p": [12] },
	{ "s": "DATEBASE", "p": [5] },
	{ "s": "DATO", "p": [9] },
	{ "s": "DATOS", "p": [13, 14, 12, 9, 18, 17, 16, 15, 11, 10, 8, 6, 5] },
	{ "s": "DE", "p": [12, 13, 16, 5, 15, 17, 14, 18, 7, 4, 11, 6, 1, 10, 3, 9, 8, 2] },
	{ "s": "DEBE", "p": [12, 5, 18, 17, 16, 15, 14, 13, 11, 10, 9, 6] },
	{ "s": "DEBERÁ", "p": [9] },
	{ "s": "DECIMALES", "p": [15, 14] },
	{ "s": "DEL", "p": [12, 16, 17, 14, 13, 15, 8, 5, 18, 11, 10, 2, 9, 7, 4, 6] },
	{ "s": "DENTRO", "p": [5, 16, 17, 11, 8, 4] },
	{ "s": "DERECHO", "p": [5] },
	{ "s": "DESARROLLAR", "p": [2] },
	{ "s": "DESCARTAR", "p": [15] },
	{ "s": "DESCARTARLOS", "p": [11, 10] },
	{ "s": "DESCOMPRIMIR", "p": [5] },
	{ "s": "DESCUENTO", "p": [15, 12] },
	{ "s": "DESDE", "p": [6, 5] },
	{ "s": "DESEA", "p": [15, 12, 11, 17, 16, 14, 13, 10, 9, 7] },
	{ "s": "DESENCRIPTACIÓN", "p": [5] },
	{ "s": "DESMARCAR", "p": [12] },
	{ "s": "DESPUÉS", "p": [5] },
	{ "s": "DEVICE", "p": [5] },
	{ "s": "DICHA", "p": [12, 3] },
	{ "s": "DICHAS", "p": [3] },
	{ "s": "DICHO", "p": [10, 7, 2] },
	{ "s": "DIFERENTES", "p": [7] },
	{ "s": "DIGITAL", "p": [2] },
	{ "s": "DINERO", "p": [12] },
	{ "s": "DIRECCIÓN", "p": [17, 16, 12] },
	{ "s": "DIRIGIDA", "p": [2] },
	{ "s": "DIRIGIRSE", "p": [5] },
	{ "s": "DISCO", "p": [5] },
	{ "s": "DISEÑADO", "p": [9] },
	{ "s": "DIVERSOS", "p": [2] },
	{ "s": "DOBLE", "p": [5] },
	{ "s": "DOMICILIO", "p": [12] },
	{ "s": "DOMICILLIO", "p": [12] },
	{ "s": "DONDE", "p": [18, 12, 5] },
	{ "s": "DÍA", "p": [2] }
]