[
	{ "s": "C", "p": [5] },
	{ "s": "CABO", "p": [12] },
	{ "s": "CADA", "p": [3, 14, 13, 7, 4] },
	{ "s": "CAJA", "p": [6] },
	{ "s": "CALENDARIO", "p": [16, 13] },
	{ "s": "CAMBIAR", "p": [8] },
	{ "s": "CAMBIO", "p": [15] },
	{ "s": "CAMBIOS", "p": [9, 17, 16, 11, 10, 14, 13] },
	{ "s": "CAMPO", "p": [16, 12, 17] },
	{ "s": "CAMPOS", "p": [12, 17, 16, 15, 14, 13, 9, 18, 11, 10] },
	{ "s": "CANCELA", "p": [12] },
	{ "s": "CANCELAR", "p": [12, 18, 14, 13, 11, 10, 9, 17, 16, 15] },
	{ "s": "CANTIDAD", "p": [12, 15, 14] },
	{ "s": "CAPAZ", "p": [4] },
	{ "s": "CARACTERES", "p": [10] },
	{ "s": "CARGO", "p": [16] },
	{ "s": "CARPETA", "p": [5] },
	{ "s": "CASILLAS", "p": [13, 14] },
	{ "s": "CATEGORÍA", "p": [14] },
	{ "s": "CERRAR", "p": [7] },
	{ "s": "CERTIFICADOS", "p": [5] },
	{ "s": "CHECKBOX", "p": [12] },
	{ "s": "CIUDAD", "p": [1] },
	{ "s": "CLASE", "p": [1] },
	{ "s": "CLICK", "p": [5, 17, 16, 12, 18, 14, 13, 11, 15, 10, 9, 8, 7] },
	{ "s": "CLIENTE", "p": [13, 12, 14] },
	{ "s": "CLIENTES", "p": [13, 14, 12, 7, 3, 2] },
	{ "s": "COMANDOS", "p": [5] },
	{ "s": "COMO", "p": [17, 9, 6] },
	{ "s": "COMPLETO", "p": [17] },
	{ "s": "COMPRA", "p": [15, 12, 18] },
	{ "s": "COMPRANTE", "p": [15] },
	{ "s": "COMPRAS", "p": [15, 7, 3, 18, 2] },
	{ "s": "COMUNICAR", "p": [17, 16] },
	{ "s": "CON", "p": [12, 17, 16, 7, 5, 3, 14, 9, 4, 2] },
	{ "s": "CONDICIONES", "p": [2] },
	{ "s": "CONFIRMACIÓN", "p": [15, 12] },
	{ "s": "CONFIRMAR", "p": [10] },
	{ "s": "CONFORMADO", "p": [3] },
	{ "s": "CONOCER", "p": [4] },
	{ "s": "CONSTRASEÑA", "p": [10] },
	{ "s": "CONTABA", "p": [2] },
	{ "s": "CONTAMOS", "p": [7] },
	{ "s": "CONTAR", "p": [5] },
	{ "s": "CONTIENE", "p": [5, 17, 16] },
	{ "s": "CONTINUCACIÓN", "p": [3] },
	{ "s": "CONTRASEÑA", "p": [10, 6, 9] },
	{ "s": "CONTROL", "p": [15, 13] },
	{ "s": "COPIAR", "p": [5] },
	{ "s": "CORRECTA", "p": [4] },
	{ "s": "CORREO", "p": [17, 16] },
	{ "s": "CORRESPONDIENTE", "p": [12, 7] },
	{ "s": "CORRESPONDIENTES", "p": [14, 13, 9] },
	{ "s": "COSAS", "p": [3] },
	{ "s": "CREADO", "p": [6] },
	{ "s": "CREÓ", "p": [6] },
	{ "s": "CUADRO", "p": [17, 16] },
	{ "s": "CUAL", "p": [9, 6] },
	{ "s": "CUALQUIERA", "p": [12, 18, 17, 16, 15, 14, 13, 11, 10, 9] },
	{ "s": "CUANDO", "p": [15, 12] },
	{ "s": "CUANTO", "p": [15, 3] },
	{ "s": "CUENTA", "p": [14, 12, 7, 6, 3] },
	{ "s": "CUÁL", "p": [17, 16, 7] },
	{ "s": "CUÁLES", "p": [3] },
	{ "s": "CUÁNTO", "p": [3] },
	{ "s": "CÓMO", "p": [4, 2] }
]