[
	{ "s": "E", "p": [5, 7] },
	{ "s": "EDICIÓN", "p": [15, 14, 13] },
	{ "s": "EDITAR", "p": [9, 14, 13, 8, 3] },
	{ "s": "EFECTIVO", "p": [12] },
	{ "s": "EFICIENTE", "p": [4] },
	{ "s": "EJECUTAR", "p": [5] },
	{ "s": "EL", "p": [16, 12, 15, 17, 13, 5, 14, 11, 10, 6, 4, 7, 18, 8, 3, 9, 2, 1] },
	{ "s": "ELABORACIÓN", "p": [2] },
	{ "s": "ELECTRÓNICO", "p": [17, 16] },
	{ "s": "ELEGIR", "p": [12] },
	{ "s": "ELIJA", "p": [15, 14] },
	{ "s": "ELIMINA", "p": [14, 13, 12] },
	{ "s": "ELIMINACIÓN", "p": [14, 13] },
	{ "s": "ELIMINAR", "p": [14, 13, 17, 15, 12, 16] },
	{ "s": "ELIMINARÁ", "p": [17, 16] },
	{ "s": "ELLA", "p": [5] },
	{ "s": "ELLO", "p": [5] },
	{ "s": "ELLOS", "p": [12, 7] },
	{ "s": "EMERGENTE", "p": [15] },
	{ "s": "EMPEZARÁ", "p": [18] },
	{ "s": "EMPLEADO", "p": [16, 11, 10, 17, 14, 6] },
	{ "s": "EMPLEADOS", "p": [16, 11, 7, 3] },
	{ "s": "EMPRESA", "p": [4, 16, 17, 15, 14, 13, 12, 11, 3] },
	{ "s": "EN", "p": [16, 12, 17, 15, 13, 14, 5, 11, 10, 18, 7, 6, 9, 3, 8, 2] },
	{ "s": "ENCONTRARÁ", "p": [5] },
	{ "s": "ENCUENTRA", "p": [5] },
	{ "s": "ENCUENTRAN", "p": [5] },
	{ "s": "ENTRAR", "p": [5] },
	{ "s": "ENTREGA", "p": [12] },
	{ "s": "ENVÍOS", "p": [12] },
	{ "s": "ERROR", "p": [9] },
	{ "s": "ES", "p": [2, 12] },
	{ "s": "ESA", "p": [5] },
	{ "s": "ESCRIBA", "p": [12] },
	{ "s": "ESCRIBIENDOLA", "p": [10] },
	{ "s": "ESCRIBIR", "p": [17, 16, 10] },
	{ "s": "ESCRIBRE", "p": [17, 16] },
	{ "s": "ESE", "p": [15, 12, 11, 6, 5] },
	{ "s": "ESOS", "p": [9] },
	{ "s": "ESPACIO", "p": [13, 15, 10, 14, 11] },
	{ "s": "ESTA", "p": [12, 11, 8, 18, 17, 16, 15, 14, 13, 10, 9, 5] },
	{ "s": "ESTADO", "p": [11, 8] },
	{ "s": "ESTAN", "p": [12] },
	{ "s": "ESTE", "p": [16, 17, 14, 13, 12, 10, 9, 7] },
	{ "s": "ESTO", "p": [15, 14] },
	{ "s": "ESTÁ", "p": [12, 5, 17, 16, 15, 9, 8, 3] },
	{ "s": "ESTÁN", "p": [4] },
	{ "s": "ESTÉ", "p": [11, 8] },
	{ "s": "ETCÉTERA", "p": [2] },
	{ "s": "EXACTA", "p": [17, 16, 12] },
	{ "s": "EXACTITUD", "p": [4] },
	{ "s": "EXACTO", "p": [3] },
	{ "s": "EXE", "p": [5] },
	{ "s": "EXISTENCIA", "p": [14] },
	{ "s": "EXITENCIA", "p": [14] },
	{ "s": "EXPLICANDO", "p": [3] }
]