[
	{ "s": "NACIMIENTO", "p": [16, 13] },
	{ "s": "NECESARIAS", "p": [3] },
	{ "s": "NECESIDADES", "p": [2] },
	{ "s": "NINGÚN", "p": [4] },
	{ "s": "NO", "p": [17, 16, 15, 12, 8, 2] },
	{ "s": "NOMBRE", "p": [17, 12, 16, 10, 15, 14, 13, 11, 8, 6, 5] },
	{ "s": "NOMBRES", "p": [12] },
	{ "s": "NOTA", "p": [15, 12] },
	{ "s": "NUEVAMENTE", "p": [12, 10] },
	{ "s": "NUEVO", "p": [10, 8, 14, 7, 5, 3] },
	{ "s": "NUEVOS", "p": [14, 13, 10, 9, 8] },
	{ "s": "NÚMERO", "p": [16, 17, 13, 12] }
]