[
	{ "s": "ID", "p": [12] },
	{ "s": "IDENTIDAD", "p": [16, 13] },
	{ "s": "IMAGEN", "p": [17, 16] },
	{ "s": "IMPLEMENTACIÓN", "p": [1] },
	{ "s": "IMPRIMIR", "p": [18] },
	{ "s": "INCIÓ", "p": [9] },
	{ "s": "INDICAN", "p": [5] },
	{ "s": "INFORMACIÓN", "p": [17, 16, 13, 9, 4] },
	{ "s": "INFORMÁTICO", "p": [2] },
	{ "s": "INGRESA", "p": [18, 15] },
	{ "s": "INGRESAR", "p": [16, 17, 10, 6, 14, 13, 12, 9, 18, 15, 11] },
	{ "s": "INGRESE", "p": [13, 14, 15, 17, 16, 12, 10, 9] },
	{ "s": "INGRESO", "p": [12] },
	{ "s": "INGRESÓ", "p": [9] },
	{ "s": "INHABILITA", "p": [12] },
	{ "s": "INICIAL", "p": [18] },
	{ "s": "INICIAR", "p": [6, 5] },
	{ "s": "INICIO", "p": [7, 18] },
	{ "s": "INSERTARÁ", "p": [14] },
	{ "s": "INSTALACIÓN", "p": [5, 3] },
	{ "s": "INSTALADO", "p": [5] },
	{ "s": "INSTALADOR", "p": [5] },
	{ "s": "INSTRUCCIONES", "p": [12, 18, 17, 16, 15, 14, 13, 11, 10, 9, 6, 5, 3] },
	{ "s": "INSTRUCCIÓN", "p": [8, 5] },
	{ "s": "INSTRUCTIVO", "p": [1] },
	{ "s": "INTRODUCCIÓN", "p": [3] },
	{ "s": "IR", "p": [5, 7] },
	{ "s": "ISV", "p": [15, 12] },
	{ "s": "IZQUIERDA", "p": [18, 17, 16, 15, 14, 13, 12, 7] }
]