[
	{ "s": "A", "p": [5, 12, 17, 16, 9, 3, 18, 14, 10, 7, 15, 13, 11, 8, 4] },
	{ "s": "ABRIR", "p": [5] },
	{ "s": "ACCEDE", "p": [9] },
	{ "s": "ACCEDER", "p": [18, 17, 16, 15, 14, 13, 12, 11, 10, 8, 6] },
	{ "s": "ACCESO", "p": [11, 10] },
	{ "s": "ACEPTAR", "p": [15, 14, 13, 12, 11, 10, 9, 6] },
	{ "s": "ACTIVO", "p": [11, 8] },
	{ "s": "ACTUAL", "p": [9] },
	{ "s": "ACTUALMENTE", "p": [11] },
	{ "s": "ADD", "p": [5] },
	{ "s": "ADEMÁS", "p": [17, 13] },
	{ "s": "ADMINISTRACIÓN", "p": [2, 1] },
	{ "s": "ADMINISTRADOR", "p": [8] },
	{ "s": "ADMINISTRAR", "p": [11, 8, 3] },
	{ "s": "ADQUIERAN", "p": [3] },
	{ "s": "AGREGA", "p": [17, 16, 15, 14, 13, 12] },
	{ "s": "AGREGADA", "p": [5] },
	{ "s": "AGREGAR", "p": [15, 17, 16, 14, 13, 12, 8] },
	{ "s": "AGREGUE", "p": [15, 12] },
	{ "s": "AHORA", "p": [5] },
	{ "s": "AL", "p": [12, 17, 16, 10, 8, 18, 15, 14, 13, 9, 7, 4, 11, 6, 5] },
	{ "s": "ALGÚN", "p": [9] },
	{ "s": "ALLÍ", "p": [5] },
	{ "s": "ANEXAR", "p": [13, 12] },
	{ "s": "ANTES", "p": [12, 18, 17, 16, 15, 14, 13, 11, 10, 9] },
	{ "s": "ANÓNIMO", "p": [12] },
	{ "s": "APELLIDO", "p": [16, 13, 17] },
	{ "s": "APOYO", "p": [4, 3] },
	{ "s": "ARCHICOS", "p": [5] },
	{ "s": "ARCHIVO", "p": [5] },
	{ "s": "ARCHIVOS", "p": [5] },
	{ "s": "ASIGNANDOLES", "p": [10] },
	{ "s": "ASÍ", "p": [2] },
	{ "s": "AUTOMÁTICAMENTE", "p": [15] },
	{ "s": "AUTORES", "p": [1] },
	{ "s": "AYUDARÁN", "p": [5] }
]