[
	{ "s": "LA", "p": [12, 5, 16, 17, 14, 15, 13, 6, 18, 4, 7, 2, 9, 3, 11, 1] },
	{ "s": "LABORAN", "p": [11] },
	{ "s": "LADO", "p": [12, 8] },
	{ "s": "LAS", "p": [13, 7, 4, 3, 2, 15, 14, 8, 5, 1] },
	{ "s": "LE", "p": [12, 15, 9, 7, 5] },
	{ "s": "LES", "p": [11] },
	{ "s": "LIMPIA", "p": [14, 13] },
	{ "s": "LIMPIAN", "p": [12] },
	{ "s": "LIMPIAR", "p": [17, 16, 13, 14] },
	{ "s": "LIMPIARA", "p": [17, 16] },
	{ "s": "LISTA", "p": [12] },
	{ "s": "LISTO", "p": [5] },
	{ "s": "LLENARÁN", "p": [12, 15] },
	{ "s": "LLEVA", "p": [12] },
	{ "s": "LLEVAR", "p": [15, 14] },
	{ "s": "LO", "p": [15, 14, 5] },
	{ "s": "LOCAL", "p": [5] },
	{ "s": "LOGRAR", "p": [4] },
	{ "s": "LOGROS", "p": [4] },
	{ "s": "LOS", "p": [12, 14, 13, 17, 16, 9, 11, 3, 18, 10, 15, 5, 7, 8, 4, 2] },
	{ "s": "LUEGO", "p": [5, 15] },
	{ "s": "LUPA", "p": [12, 17, 16] },
	{ "s": "LÁPIZ", "p": [8, 9] }
]