[
	{ "s": "BACKUP", "p": [5] },
	{ "s": "BACKUPS", "p": [5] },
	{ "s": "BAK", "p": [5] },
	{ "s": "BASE", "p": [5, 6] },
	{ "s": "BITS", "p": [5] },
	{ "s": "BORRE", "p": [14, 13, 9] },
	{ "s": "BOTON", "p": [12] },
	{ "s": "BOTONES", "p": [12, 18, 17, 16, 15, 14, 13, 11, 10, 9, 8] },
	{ "s": "BOTÓN", "p": [17, 16, 12, 15, 14, 13, 11, 5, 18, 10, 9, 6, 7] },
	{ "s": "BUSCADO", "p": [12] },
	{ "s": "BUSCAR", "p": [17, 16, 5] },
	{ "s": "BÁRBARA", "p": [1] },
	{ "s": "BÚSQUEDA", "p": [17, 16] }
]