[
	{ "s": "TABLA", "p": [17, 16, 14, 13, 15, 12] },
	{ "s": "TAMBIÉN", "p": [5, 3] },
	{ "s": "TANTO", "p": [15] },
	{ "s": "TAREAS", "p": [2] },
	{ "s": "TARJETA", "p": [12] },
	{ "s": "TELÉFONO", "p": [17, 16, 13, 12] },
	{ "s": "TENDRÁ", "p": [16] },
	{ "s": "TENER", "p": [13, 5, 3] },
	{ "s": "TENÍA", "p": [2] },
	{ "s": "TEXTO", "p": [6] },
	{ "s": "TIENE", "p": [17, 16, 9, 5] },
	{ "s": "TIPO", "p": [12] },
	{ "s": "TODA", "p": [17, 16] },
	{ "s": "TODAS", "p": [14, 13, 4] },
	{ "s": "TODOS", "p": [12, 17, 16, 9] },
	{ "s": "TOTAL", "p": [15, 12] },
	{ "s": "TRABAJANDO", "p": [11] },
	{ "s": "TRABAJO", "p": [2, 1] },
	{ "s": "TRANSFERENCIA", "p": [12] },
	{ "s": "TRES", "p": [5, 3] }
]