[
	{ "s": "RAM", "p": [5] },
	{ "s": "RANGO", "p": [18, 7] },
	{ "s": "RAZÓN", "p": [2] },
	{ "s": "REALIZADO", "p": [7] },
	{ "s": "REALIZAN", "p": [15] },
	{ "s": "REALIZAR", "p": [15, 12, 11, 10, 5] },
	{ "s": "REALIZARÁ", "p": [12] },
	{ "s": "REALIZARÁN", "p": [17, 16] },
	{ "s": "REDUNDANCIA", "p": [6] },
	{ "s": "REFUERZO", "p": [4] },
	{ "s": "REGISTRADO", "p": [12, 6] },
	{ "s": "REGISTRADOS", "p": [12] },
	{ "s": "REGISTRAR", "p": [16] },
	{ "s": "REGISTRO", "p": [14] },
	{ "s": "REGRESARÁ", "p": [12] },
	{ "s": "RELACIONADA", "p": [17] },
	{ "s": "RELIZAR", "p": [17, 16] },
	{ "s": "RENTABLE", "p": [2] },
	{ "s": "REPORTE", "p": [18] },
	{ "s": "REPORTES", "p": [18, 7, 3] },
	{ "s": "REQUERIMIENTOS", "p": [5, 3] },
	{ "s": "REQUIRIMIENTOS", "p": [5] },
	{ "s": "RESTORE", "p": [5] },
	{ "s": "ROJO", "p": [17, 16] },
	{ "s": "RTN", "p": [13] }
]