[
	{ "fileName": "0xu0030.json", "first": "0", "last": "0" },
	{ "fileName": "0xu0031.json", "first": "1", "last": "14" },
	{ "fileName": "0xu0032.json", "first": "2", "last": "2021" },
	{ "fileName": "0xu0033.json", "first": "3", "last": "32/64" },
	{ "fileName": "0xu0034.json", "first": "4", "last": "4" },
	{ "fileName": "0xu0035.json", "first": "5", "last": "5" },
	{ "fileName": "0xu0036.json", "first": "6", "last": "64" },
	{ "fileName": "0xu0037.json", "first": "7", "last": "7.3" },
	{ "fileName": "0xu0038.json", "first": "8", "last": "8" },
	{ "fileName": "0xu0039.json", "first": "9", "last": "9" },
	{ "fileName": "0xu0041.json", "first": "A", "last": "AYUDARÁN" },
	{ "fileName": "0xu0042.json", "first": "BACKUP", "last": "BÚSQUEDA" },
	{ "fileName": "0xu0043.json", "first": "C", "last": "CÓMO" },
	{ "fileName": "0xu0044.json", "first": "DAR", "last": "DÍA" },
	{ "fileName": "0xu0045.json", "first": "E", "last": "EXPLICANDO" },
	{ "fileName": "0xu0046.json", "first": "FACTURACIÓN", "last": "FUNCIÓN" },
	{ "fileName": "0xu0047.json", "first": "GB", "last": "GUÍAS" },
	{ "fileName": "0xu0048.json", "first": "HA", "last": "HONDURAS" },
	{ "fileName": "0xu0049.json", "first": "ID", "last": "IZQUIERDA" },
	{ "fileName": "0xu004a.json", "first": "JANA", "last": "JULIO" },
	{ "fileName": "0xu004c.json", "first": "LA", "last": "LÁPIZ" },
	{ "fileName": "0xu004d.json", "first": "MAL", "last": "MÓDULOS" },
	{ "fileName": "0xu004e.json", "first": "NACIMIENTO", "last": "NÚMERO" },
	{ "fileName": "0xu004f.json", "first": "O", "last": "OTÓN" },
	{ "fileName": "0xu0050.json", "first": "PAGANDO", "last": "PÁGINA" },
	{ "fileName": "0xu0051.json", "first": "QUE", "last": "QUITARLO" },
	{ "fileName": "0xu0052.json", "first": "RAM", "last": "RTN" },
	{ "fileName": "0xu0053.json", "first": "SANTA", "last": "SÍ" },
	{ "fileName": "0xu0054.json", "first": "TABLA", "last": "TRES" },
	{ "fileName": "0xu0055.json", "first": "U", "last": "USUARIOS" },
	{ "fileName": "0xu0056.json", "first": "VALGA", "last": "VOLVIENDO" },
	{ "fileName": "0xu0057.json", "first": "WINDOWS", "last": "WINDOWS" },
	{ "fileName": "0xu0059.json", "first": "Y", "last": "YA" },
	{ "fileName": "0xu00c1.json", "first": "ÁREA", "last": "ÁREAS" },
	{ "fileName": "0xu00c9.json", "first": "ÉL", "last": "ÉSTA" },
	{ "fileName": "0xu00cd.json", "first": "ÍCONO", "last": "ÍCONO" },
	{ "fileName": "0xu00da.json", "first": "ÚLTIMO", "last": "ÚNICAMENTE" }
]